{"rules":{"path":"pages\\rules.php","status":1},"downloads":{"path":"pages\\downloads.php","status":1},"info":{"path":"pages\\account\\info.php","status":1},"referral":{"path":"pages\/account\/referral.php","status":1},"shop":{"path":"pages\\account\\shop.php","status":1},"vote":{"path":"pages\\account\\vote.php","status":1},"logout":{"path":"pages\\account\\logout.php","status":1},"settings":{"path":"pages\\account\\settings.php","status":1},"donate":{"path":"pages\\account\\donate.php","status":1},"about":{"path":"pages\\about.php","status":1},"rankings":{"path":"pages\\rankings.php","status":1},"manage_news":{"path":"pages\\admin\\manage_news.php","status":1},"dashboard":{"path":"pages\\admin\\dashboard.php","status":1},"manage_website":{"path":"pages\\admin\\manage_website.php","status":1},"manage_vote":{"path":"pages\\admin\\manage_vote.php","status":1},"manage_pages":{"path":"pages\\admin\\manage_pages.php","status":1},"manage_downloads":{"path":"pages\\admin\\manage_downloads.php","status":1},"manage_packages":{"path":"pages\\admin\\manage_packages.php","status":1},"referral_system":{"path":"pages\/admin\/referral_system.php","status":1},"register":{"path":"pages\\register.php","status":1},"lost_password":{"path":"pages\\lost_password.php","status":1},"news":{"path":"pages\\news.php","status":1}}